<?xml version="1.0" encoding="UTF-8"?>
<jcr:root xmlns:sling="http://sling.apache.org/jcr/sling/1.0" xmlns:granite="http://www.adobe.com/jcr/granite/1.0" xmlns:cq="http://www.day.com/jcr/cq/1.0" xmlns:jcr="http://www.jcp.org/jcr/1.0" xmlns:nt="http://www.jcp.org/jcr/nt/1.0"
    jcr:primaryType="nt:unstructured"
    jcr:title="Component Dialog"
    sling:resourceType="cq/gui/components/authoring/dialog"
    extraClientlibs="[aemtraining.components.dialog.editor]">
    <content
        granite:class="cmp-list__editor"
        jcr:primaryType="nt:unstructured"
        sling:resourceType="granite/ui/components/coral/foundation/container">
        <items jcr:primaryType="nt:unstructured">
            <tabs
                jcr:primaryType="nt:unstructured"
                sling:resourceType="granite/ui/components/coral/foundation/tabs">
                <items jcr:primaryType="nt:unstructured">
                    <authorInfo
                        jcr:primaryType="nt:unstructured"
                        jcr:title="Author Info"
                        sling:resourceType="granite/ui/components/coral/foundation/container">
                        <items jcr:primaryType="nt:unstructured">
                            <columns
                                jcr:primaryType="nt:unstructured"
                                sling:resourceType="granite/ui/components/coral/foundation/fixedcolumns"
                                margin="{Boolean}true">
                                <items jcr:primaryType="nt:unstructured">
                                    <column
                                        jcr:primaryType="nt:unstructured"
                                        sling:resourceType="granite/ui/components/coral/foundation/container">
                                        <items jcr:primaryType="nt:unstructured">
                                            <authors-radio
                                                granite:class="cq-dialog-radio-showhide"
                                                jcr:primaryType="nt:unstructured"
                                                sling:resourceType="granite/ui/components/coral/foundation/form/radiogroup"
                                                fieldLabel="Authors"
                                                name="./authorRadio">
                                                <items jcr:primaryType="nt:unstructured">
                                                    <author1
                                                        jcr:primaryType="nt:unstructured"
                                                        text="Author 1"
                                                        value="author1">
                                                        <granite:data
                                                            jcr:primaryType="nt:unstructured"
                                                            cq-dialog-radio-showhide-target=".radio-showhide-target"/>
                                                    </author1>
                                                    <author2
                                                        jcr:primaryType="nt:unstructured"
                                                        text="Author 2"
                                                        value="author2">
                                                        <granite:data
                                                            jcr:primaryType="nt:unstructured"
                                                            cq-dialog-radio-showhide-target=".radio-showhide-target"/>
                                                    </author2>
                                                    <author3
                                                        jcr:primaryType="nt:unstructured"
                                                        text="Author 3"
                                                        value="author3">
                                                        <granite:data
                                                            jcr:primaryType="nt:unstructured"
                                                            cq-dialog-radio-showhide-target=".radio-showhide-target"/>
                                                    </author3>
                                                    <author4
                                                        jcr:primaryType="nt:unstructured"
                                                        text="Author 4"
                                                        value="author4">
                                                        <granite:data
                                                            jcr:primaryType="nt:unstructured"
                                                            cq-dialog-radio-showhide-target=".radio-showhide-target"/>
                                                    </author4>
                                                    <author5
                                                        jcr:primaryType="nt:unstructured"
                                                        text="Author 5"
                                                        value="author5">
                                                        <granite:data
                                                            jcr:primaryType="nt:unstructured"
                                                            cq-dialog-radio-showhide-target=".radio-showhide-target"/>
                                                    </author5>
                                                    <author6
                                                        jcr:primaryType="nt:unstructured"
                                                        text="Author 6"
                                                        value="author6">
                                                        <granite:data
                                                            jcr:primaryType="nt:unstructured"
                                                            cq-dialog-radio-showhide-target=".radio-showhide-target"/>
                                                    </author6>
                                                    <author7
                                                        jcr:primaryType="nt:unstructured"
                                                        text="Author 7"
                                                        value="author7">
                                                        <granite:data
                                                            jcr:primaryType="nt:unstructured"
                                                            cq-dialog-radio-showhide-target=".radio-showhide-target"/>
                                                    </author7>
                                                    <author8
                                                        jcr:primaryType="nt:unstructured"
                                                        text="Author 8"
                                                        value="author8">
                                                        <granite:data
                                                            jcr:primaryType="nt:unstructured"
                                                            cq-dialog-radio-showhide-target=".radio-showhide-target"/>
                                                    </author8>
                                                </items>
                                                <granite:data
                                                    jcr:primaryType="nt:unstructured"
                                                    cq-dialog-radio-showhide-target=".radio-showhide-target"/>
                                            </authors-radio>
                                            <author1
                                                granite:class="hide radio-showhide-target"
                                                jcr:primaryType="nt:unstructured"
                                                sling:resourceType="granite/ui/components/coral/foundation/container">
                                                <granite:data
                                                    jcr:primaryType="nt:unstructured"
                                                    showhideradiovalue="author1"/>
                                                <items jcr:primaryType="nt:unstructured">
                                                    <heading
                                                        granite:class="coral-Heading coral-Heading--4"
                                                        jcr:primaryType="nt:unstructured"
                                                        sling:resourceType="granite/ui/components/coral/foundation/heading"
                                                        level="{Long}4"
                                                        text="Author 1 :  Information"/>
                                                    <well
                                                        jcr:primaryType="nt:unstructured"
                                                        sling:resourceType="granite/ui/components/coral/foundation/well">
                                                        <items jcr:primaryType="nt:unstructured">
                                                            <fname
                                                                jcr:primaryType="nt:unstructured"
                                                                sling:resourceType="granite/ui/components/coral/foundation/form/textfield"
                                                                fieldLabel="First Name"
                                                                name="./fname"/>
                                                            <lname
                                                                jcr:primaryType="nt:unstructured"
                                                                sling:resourceType="granite/ui/components/coral/foundation/form/textfield"
                                                                fieldLabel="Last Name"
                                                                name="./lname"
                                                                required="{Boolean}false"/>
                                                        </items>
                                                    </well>
                                                </items>
                                            </author1>
                                            <author2
                                                jcr:primaryType="nt:unstructured"
                                                sling:resourceType="granite/ui/components/coral/foundation/container">
                                                <granite:data
                                                    jcr:primaryType="nt:unstructured"
                                                    showhideradiovalue="author2"/>
                                                <items jcr:primaryType="nt:unstructured">
                                                    <heading
                                                        granite:class="coral-Heading coral-Heading--4"
                                                        jcr:primaryType="nt:unstructured"
                                                        sling:resourceType="granite/ui/components/coral/foundation/heading"
                                                        level="{Long}4"
                                                        text="Author 2 :  Author is also a Professor"/>
                                                    <well
                                                        jcr:primaryType="nt:unstructured"
                                                        sling:resourceType="granite/ui/components/coral/foundation/well">
                                                        <items jcr:primaryType="nt:unstructured">
                                                            <fname
                                                                jcr:primaryType="nt:unstructured"
                                                                sling:resourceType="granite/ui/components/coral/foundation/form/textfield"
                                                                fieldLabel="First Name"
                                                                name="./fname"/>
                                                            <lname
                                                                jcr:primaryType="nt:unstructured"
                                                                sling:resourceType="granite/ui/components/coral/foundation/form/textfield"
                                                                fieldLabel="Last Name"
                                                                name="./lname"
                                                                required="{Boolean}false"/>
                                                            <subjects
                                                                jcr:primaryType="nt:unstructured"
                                                                sling:resourceType="granite/ui/components/coral/foundation/container">
                                                                <items jcr:primaryType="nt:unstructured">
                                                                    <subject
                                                                        granite:class=""
                                                                        jcr:primaryType="nt:unstructured"
                                                                        sling:resourceType="granite/ui/components/coral/foundation/form/multifield"
                                                                        fieldLabel="Professor's Subjects">
                                                                        <field
                                                                            jcr:primaryType="nt:unstructured"
                                                                            sling:resourceType="granite/ui/components/coral/foundation/form/textfield"
                                                                            name="./subjects"
                                                                            rootPath="/content"/>
                                                                    </subject>
                                                                </items>
                                                            </subjects>
                                                        </items>
                                                    </well>
                                                </items>
                                            </author2>
                                            <author3
                                                jcr:primaryType="nt:unstructured"
                                                sling:resourceType="granite/ui/components/coral/foundation/container">
                                                <granite:data
                                                    jcr:primaryType="nt:unstructured"
                                                    showhideradiovalue="author3"/>
                                                <items jcr:primaryType="nt:unstructured">
                                                    <heading
                                                        granite:class="coral-Heading coral-Heading--4"
                                                        jcr:primaryType="nt:unstructured"
                                                        sling:resourceType="granite/ui/components/coral/foundation/heading"
                                                        level="{Long}4"
                                                        text="Author 3 : Author is also a Technical writer"/>
                                                    <well
                                                        jcr:primaryType="nt:unstructured"
                                                        sling:resourceType="granite/ui/components/coral/foundation/well">
                                                        <items jcr:primaryType="nt:unstructured">
                                                            <fname
                                                                jcr:primaryType="nt:unstructured"
                                                                sling:resourceType="granite/ui/components/coral/foundation/form/textfield"
                                                                fieldLabel="First Name"
                                                                name="./fname"/>
                                                            <lname
                                                                jcr:primaryType="nt:unstructured"
                                                                sling:resourceType="granite/ui/components/coral/foundation/form/textfield"
                                                                fieldLabel="Last Name"
                                                                name="./lname"
                                                                required="{Boolean}false"/>
                                                            <books
                                                                granite:class="geeks-multifield"
                                                                jcr:primaryType="nt:unstructured"
                                                                sling:resourceType="granite/ui/components/coral/foundation/form/multifield"
                                                                composite="{Boolean}false"
                                                                fieldLabel="Autor's Books">
                                                                <field
                                                                    granite:class="cmp-teaser__editor-action"
                                                                    jcr:primaryType="nt:unstructured"
                                                                    sling:resourceType="granite/ui/components/coral/foundation/form/textfield"
                                                                    name="./books"/>
                                                            </books>
                                                        </items>
                                                    </well>
                                                </items>
                                            </author3>
                                            <author4
                                                jcr:primaryType="nt:unstructured"
                                                sling:resourceType="granite/ui/components/coral/foundation/container">
                                                <granite:data
                                                    jcr:primaryType="nt:unstructured"
                                                    showhideradiovalue="author4"/>
                                                <items jcr:primaryType="nt:unstructured">
                                                    <heading
                                                        granite:class="coral-Heading coral-Heading--4"
                                                        jcr:primaryType="nt:unstructured"
                                                        sling:resourceType="granite/ui/components/coral/foundation/heading"
                                                        level="{Long}4"
                                                        text="Author 4 : Author is Professor and Writer"/>
                                                    <well
                                                        jcr:primaryType="nt:unstructured"
                                                        sling:resourceType="granite/ui/components/coral/foundation/well">
                                                        <items jcr:primaryType="nt:unstructured">
                                                            <subject
                                                                granite:class=""
                                                                jcr:primaryType="nt:unstructured"
                                                                sling:resourceType="granite/ui/components/coral/foundation/form/multifield"
                                                                fieldLabel="Professor's Subjects">
                                                                <field
                                                                    jcr:primaryType="nt:unstructured"
                                                                    sling:resourceType="granite/ui/components/coral/foundation/form/textfield"
                                                                    name="./subjects"
                                                                    rootPath="/content"/>
                                                            </subject>
                                                            <books
                                                                granite:class="geeks-multifield"
                                                                jcr:primaryType="nt:unstructured"
                                                                sling:resourceType="granite/ui/components/coral/foundation/form/multifield"
                                                                composite="{Boolean}false"
                                                                fieldLabel="Autor's Books">
                                                                <field
                                                                    granite:class="cmp-teaser__editor-action"
                                                                    jcr:primaryType="nt:unstructured"
                                                                    sling:resourceType="granite/ui/components/coral/foundation/form/textfield"
                                                                    name="./books"/>
                                                            </books>
                                                        </items>
                                                    </well>
                                                </items>
                                            </author4>
                                        </items>
                                    </column>
                                </items>
                            </columns>
                        </items>
                    </authorInfo>
                    <author5
                        granite:class="hide radio-showhide-target"
                        jcr:primaryType="nt:unstructured"
                        jcr:title="Author 5"
                        sling:resourceType="granite/ui/components/coral/foundation/container">
                        <items jcr:primaryType="nt:unstructured">
                            <column
                                jcr:primaryType="nt:unstructured"
                                sling:resourceType="granite/ui/components/coral/foundation/container">
                                <items jcr:primaryType="nt:unstructured">
                                    <heading
                                        granite:class="coral-Heading coral-Heading--4"
                                        jcr:primaryType="nt:unstructured"
                                        sling:resourceType="granite/ui/components/coral/foundation/heading"
                                        level="{Long}4"
                                        text="Tab for Author 5"/>
                                    <well
                                        jcr:primaryType="nt:unstructured"
                                        sling:resourceType="granite/ui/components/coral/foundation/well">
                                        <items jcr:primaryType="nt:unstructured">
                                            <subject
                                                granite:class=""
                                                jcr:primaryType="nt:unstructured"
                                                sling:resourceType="granite/ui/components/coral/foundation/form/multifield"
                                                fieldLabel="Professor's Subjects">
                                                <field
                                                    jcr:primaryType="nt:unstructured"
                                                    sling:resourceType="granite/ui/components/coral/foundation/form/textfield"
                                                    name="./subjects"
                                                    rootPath="/content"/>
                                            </subject>
                                        </items>
                                    </well>
                                </items>
                            </column>
                        </items>
                        <granite:data
                            jcr:primaryType="nt:unstructured"
                            isTab="{Boolean}true"
                            showhideradiovalue="author5"/>
                    </author5>
                    <author6
                        jcr:primaryType="nt:unstructured"
                        jcr:title="Author 6"
                        sling:resourceType="granite/ui/components/coral/foundation/container"
                        tab-id="author6">
                        <items jcr:primaryType="nt:unstructured">
                            <columns
                                jcr:primaryType="nt:unstructured"
                                sling:resourceType="granite/ui/components/coral/foundation/fixedcolumns"
                                margin="{Boolean}true">
                                <items jcr:primaryType="nt:unstructured">
                                    <column
                                        jcr:primaryType="nt:unstructured"
                                        sling:resourceType="granite/ui/components/coral/foundation/container">
                                        <items jcr:primaryType="nt:unstructured">
                                            <well
                                                jcr:primaryType="nt:unstructured"
                                                sling:resourceType="granite/ui/components/coral/foundation/well">
                                                <items jcr:primaryType="nt:unstructured">
                                                    <authorinfo
                                                        jcr:primaryType="nt:unstructured"
                                                        sling:resourceType="granite/ui/components/coral/foundation/form/checkbox"
                                                        checked="false"
                                                        fieldDescription="Add Author information."
                                                        name="./authorinfo"
                                                        text="Author Info"
                                                        uncheckedValue="false"
                                                        value="true"/>
                                                    <books
                                                        jcr:primaryType="nt:unstructured"
                                                        sling:resourceType="granite/ui/components/coral/foundation/form/checkbox"
                                                        checked="false"
                                                        fieldDescription="Add Author's Books"
                                                        name="./books"
                                                        text="Books"
                                                        uncheckedValue="false"
                                                        value="true"/>
                                                    <subjects
                                                        jcr:primaryType="nt:unstructured"
                                                        sling:resourceType="granite/ui/components/coral/foundation/form/checkbox"
                                                        checked="false"
                                                        fieldDescription="Add Author's Subjects"
                                                        name="./subjects"
                                                        text="Subjects"
                                                        uncheckedValue="false"
                                                        value="true"/>
                                                    <cities
                                                        jcr:primaryType="nt:unstructured"
                                                        sling:resourceType="granite/ui/components/coral/foundation/form/checkbox"
                                                        checked="{Boolean}false"
                                                        fieldDescription="Add Author Cities"
                                                        name="./cities"
                                                        text="Cities"
                                                        uncheckedValue="{Boolean}false"
                                                        value="{Boolean}true"/>
                                                </items>
                                            </well>
                                        </items>
                                    </column>
                                </items>
                            </columns>
                        </items>
                        <granite:data
                            jcr:primaryType="nt:unstructured"
                            isTab="{Boolean}true"
                            showhideradiovalue="author6"/>
                    </author6>
                    <author7
                        jcr:primaryType="nt:unstructured"
                        jcr:title="Author 7"
                        sling:resourceType="granite/ui/components/coral/foundation/container"
                        margin="{Boolean}true">
                        <items jcr:primaryType="nt:unstructured">
                            <columns
                                jcr:primaryType="nt:unstructured"
                                sling:resourceType="granite/ui/components/coral/foundation/fixedcolumns"
                                margin="{Boolean}true">
                                <items jcr:primaryType="nt:unstructured">
                                    <column
                                        jcr:primaryType="nt:unstructured"
                                        sling:resourceType="granite/ui/components/coral/foundation/container">
                                        <items jcr:primaryType="nt:unstructured">
                                            <heading
                                                granite:class="coral-Heading coral-Heading--4"
                                                jcr:primaryType="nt:unstructured"
                                                sling:resourceType="granite/ui/components/coral/foundation/heading"
                                                level="{Long}4"
                                                text="Tab for Author 7"/>
                                            <well
                                                jcr:primaryType="nt:unstructured"
                                                sling:resourceType="granite/ui/components/coral/foundation/well">
                                                <items jcr:primaryType="nt:unstructured">
                                                    <subject
                                                        granite:class=""
                                                        jcr:primaryType="nt:unstructured"
                                                        sling:resourceType="granite/ui/components/coral/foundation/form/multifield"
                                                        fieldLabel="Professor's Subjects">
                                                        <field
                                                            jcr:primaryType="nt:unstructured"
                                                            sling:resourceType="granite/ui/components/coral/foundation/form/textfield"
                                                            name="./subjects"
                                                            rootPath="/content"/>
                                                    </subject>
                                                </items>
                                            </well>
                                        </items>
                                    </column>
                                </items>
                            </columns>
                        </items>
                        <granite:data
                            jcr:primaryType="nt:unstructured"
                            isTab="{Boolean}true"
                            showhideradiovalue="author7"/>
                    </author7>
                    <author8
                        jcr:primaryType="nt:unstructured"
                        jcr:title="Author 8"
                        sling:resourceType="granite/ui/components/coral/foundation/container"
                        margin="{Boolean}true">
                        <items jcr:primaryType="nt:unstructured">
                            <columns
                                jcr:primaryType="nt:unstructured"
                                sling:resourceType="granite/ui/components/coral/foundation/fixedcolumns"
                                margin="{Boolean}true"
                                maximized="{Boolean}true">
                                <items jcr:primaryType="nt:unstructured">
                                    <column1
                                        jcr:primaryType="nt:unstructured"
                                        sling:resourceType="granite/ui/components/coral/foundation/container">
                                        <items jcr:primaryType="nt:unstructured">
                                            <heading
                                                granite:class="coral-Heading coral-Heading--4"
                                                jcr:primaryType="nt:unstructured"
                                                sling:resourceType="granite/ui/components/coral/foundation/heading"
                                                level="{Long}4"
                                                text="Subjects"/>
                                            <well
                                                jcr:primaryType="nt:unstructured"
                                                sling:resourceType="granite/ui/components/coral/foundation/well">
                                                <items jcr:primaryType="nt:unstructured">
                                                    <subject
                                                        granite:class=""
                                                        jcr:primaryType="nt:unstructured"
                                                        sling:resourceType="granite/ui/components/coral/foundation/form/multifield"
                                                        fieldLabel="Professor's Subjects">
                                                        <field
                                                            jcr:primaryType="nt:unstructured"
                                                            sling:resourceType="granite/ui/components/coral/foundation/form/textfield"
                                                            name="./subjects"
                                                            rootPath="/content"/>
                                                    </subject>
                                                </items>
                                            </well>
                                        </items>
                                    </column1>
                                    <column2
                                        jcr:primaryType="nt:unstructured"
                                        sling:resourceType="granite/ui/components/coral/foundation/container">
                                        <items jcr:primaryType="nt:unstructured">
                                            <heading
                                                granite:class="coral-Heading coral-Heading--4"
                                                jcr:primaryType="nt:unstructured"
                                                sling:resourceType="granite/ui/components/coral/foundation/heading"
                                                level="{Long}4"
                                                text="Books"/>
                                            <well
                                                jcr:primaryType="nt:unstructured"
                                                sling:resourceType="granite/ui/components/coral/foundation/well">
                                                <items jcr:primaryType="nt:unstructured">
                                                    <books
                                                        granite:class="geeks-multifield"
                                                        jcr:primaryType="nt:unstructured"
                                                        sling:resourceType="granite/ui/components/coral/foundation/form/multifield"
                                                        composite="{Boolean}false"
                                                        fieldLabel="Autor's Books">
                                                        <field
                                                            granite:class="cmp-teaser__editor-action"
                                                            jcr:primaryType="nt:unstructured"
                                                            sling:resourceType="granite/ui/components/coral/foundation/form/textfield"
                                                            name="./books"/>
                                                    </books>
                                                </items>
                                            </well>
                                        </items>
                                    </column2>
                                </items>
                            </columns>
                        </items>
                        <granite:data
                            jcr:primaryType="nt:unstructured"
                            isTab="{Boolean}true"
                            showhideradiovalue="author8"/>
                    </author8>
                </items>
            </tabs>
        </items>
    </content>
</jcr:root>
